 ,title,artist,release_date,genres,user_score
1,To Pimp a Butterfly,Kendrick Lamar,"March 15, 2015","Conscious Hip Hop, Jazz Rap, West Coast Hip Hop",95
2,"good kid, m.A.A.d city",Kendrick Lamar,"October 22, 2012","Conscious Hip Hop, West Coast Hip Hop",94
3,In Rainbows,Radiohead,"October 10, 2007","Art Rock, Alternative Rock",94
4,Songs in the Key of Life,Stevie Wonder,"September 28, 1976","Soul, Progressive Soul",94
5,OK Computer,Radiohead,"May 21, 1997","Alternative Rock, Art Rock",94
6,Lift Your Skinny Fists Like Antennas to Heaven,Godspeed You Black Emperor!,"October 9, 2000",Post-Rock,93
7,Wish You Were Here,Pink Floyd,"September 12, 1975","Progressive Rock, Art Rock",93
8,Madvillainy,Madvillain,"March 23, 2004","Abstract Hip Hop, Experimental Hip Hop",93
9,Vespertine,Björk,"August 27, 2001","Art Pop, Electronic",93
10,Illmatic,Nas,"April 19, 1994","Boom Bap, East Coast Hip Hop, Hardcore Hip Hop",93
11,The Black Saint and the Sinner Lady,Mingus,July 1963,"Avant-Garde Jazz, Third Stream",92
12,Enter The Wu-Tang (36 Chambers),Wu-Tang Clan,"November 9, 1993","Hardcore Hip Hop, Boom Bap, East Coast Hip Hop",92
13,What's Going On,Marvin Gaye,"May 21, 1971","Progressive Soul, Soul",92
14,"The Glow, Pt. 2",The Microphones,"September 11, 2001","Indie Folk, Psychedelic Folk",92
15,Minecraft - Volume Alpha,C418,"March 4, 2011","Ambient, Electronic",92
16,Abbey Road,The Beatles,"September 26, 1969",Pop Rock,92
17,Kid A,Radiohead,"October 2, 2000","Art Rock, Electronic, Experimental Rock",92
18,In the Court of the Crimson King,King Crimson,"October 10, 1969","Progressive Rock, Art Rock",92
19,Grace,Jeff Buckley,"August 23, 1994","Alternative Rock, Singer-Songwriter",92
20,Deathconsciousness,Have a Nice Life,"January 24, 2008","Post-Punk, Shoegaze, Post-Rock",92
21,Homogenic,Björk,"September 20, 1997","Art Pop, Electronic",92
22,The Rise and Fall of Ziggy Stardust and the Spiders from Mars,David Bowie,"June 16, 1972","Glam Rock, Pop Rock",92
23,Toxicity,System of a Down,"September 4, 2001","Alternative Metal, Nu Metal",91
24,The Miseducation of Lauryn Hill,Lauryn Hill,"August 25, 1998","Neo-Soul, Contemporary R&B, East Coast Hip Hop",91
25,Purple Rain,Prince and the Revolution,"June 25, 1984","Pop Rock, Synth Funk",91
26,Illinois,Sufjan Stevens,"July 5, 2005","Chamber Pop, Singer-Songwriter, Indie Folk",91
27,Electric Ladyland,The Jimi Hendrix Experience,"October 25, 1968","Blues Rock, Psychedelic Rock, Acid Rock",91
28,The Dark Side of the Moon,Pink Floyd,"March 1, 1973","Art Rock, Progressive Rock, Psychedelic Rock",91
29,Silent Hill 2 (Original Soundtracks),山岡晃 [Akira Yamaoka],"October 3, 2001","Ambient, Dark Ambient, Trip Hop",91
30,When the Pawn...,Fiona Apple,"November 9, 1999","Piano Rock, Singer-Songwriter, Alternative Rock",91
31,Minecraft - Volume Beta,C418,"November 9, 2013","Ambient, Electronic, Dark Ambient",91
32,The End of Evangelion,Shiro Sagisu,"September 26, 1997","Modern Classical, Orchestral",91
33,Kind of Blue,Miles Davis,"August 17, 1959","Cool Jazz, Modal Jazz",91
34,LP! [Offline Version],JPEGMAFIA,"October 22, 2021","Experimental Hip Hop, Hardcore Hip Hop",91
35,LONG SEASON,Fishmans,"October 25, 1996","Neo-Psychedelia, Dream Pop, Ambient Pop",91
36,Discovery,Daft Punk,"March 12, 2001",French House,91
37,A Love Supreme,John Coltrane,January 1965,Spiritual Jazz,91
38,Animals,Pink Floyd,"January 21, 1977","Progressive Rock, Art Rock",90
39,Super Mario Galaxy: Original Soundtrack,Mario Galaxy Orchestra,"January 24, 2008","Cinematic Classical, Orchestral",90
40,Bitches Brew,Miles Davis,"March 30, 1970","Avant-Garde Jazz, Jazz Fusion",90
41,Remain in Light,Talking Heads,"October 8, 1980","New Wave, Post-Punk",90
42,Atrocity Exhibition,Danny Brown,"September 27, 2016","Experimental Hip Hop, Hardcore Hip Hop",90
43,Disintegration,The Cure,"May 2, 1989","Gothic Rock, Post-Punk, Dream Pop",90
44,The Low End Theory,A Tribe Called Quest,"September 24, 1991","Jazz Rap, Conscious Hip Hop, East Coast Hip Hop",90
45,The Downward Spiral,Nine Inch Nails,"March 8, 1994",Industrial Rock,90
46,Love Deluxe,Sade,"October 26, 1992","Smooth Soul, Sophisti-Pop, Downtempo",90
47,Clube Da Esquina,Milton Nascimento & Lô Borges,March 1972,MPB,90
48,Symbolic,Death,"March 21, 1995",Technical Death Metal,90
49,Soundtracks For The Blind,Swans,"October 22, 1996","Post-Rock, Experimental Rock, Experimental",90
50,The College Dropout,Kanye West,"February 10, 2004","Chipmunk Soul, Pop Rap",90
51,Construção,Chico Buarque,November 1971,"MPB, Singer-Songwriter",90
52,Hounds of Love,Kate Bush,"September 16, 1985","Art Pop, Progressive Pop",90
53,Slow Riot for New Zerø Kanada E.P.,Godspeed You Black Emperor!,"March 29, 1999",Post-Rock,90
54,Ants From Up There,"Black Country, New Road","February 4, 2022","Art Rock, Post-Rock, Chamber Pop",90
55,Dummy,Portishead,"August 22, 1994",Trip Hop,90
56,Ys,Joanna Newsom,"November 14, 2006","Progressive Folk, Chamber Folk, Singer-Songwriter, Freak Folk",90
57,Aquemini,OutKast,"September 29, 1998","Southern Hip Hop, Conscious Hip Hop",90
58,Master of Puppets,Metallica,"March 3, 1986",Thrash Metal,90
59,IGOR,"Tyler, The Creator","May 17, 2019","Neo-Soul, Alternative R&B",90
60,UNDERTALE Soundtrack,Toby Fox,"September 15, 2015","Sequencer & Tracker, Digital Fusion, Chiptune",90
61,The Infamous,Mobb Deep,"April 25, 1995","Gangsta Rap, East Coast Hip Hop, Boom Bap",90
62,In Utero,Nirvana,"September 21, 1993","Grunge, Noise Rock",90
63,Nevermind,Nirvana,"September 24, 1991","Grunge, Alternative Rock",90
64,Red,King Crimson,"October 6, 1974","Progressive Rock, Art Rock",90
65,F♯ A♯ ∞,Godspeed You Black Emperor!,"August 14, 1997",Post-Rock,90
66,Blue,Joni Mitchell,"June 22, 1971","Singer-Songwriter, Contemporary Folk",90
67,Black on Both Sides,Mos Def,"October 12, 1999","Conscious Hip Hop, East Coast Hip Hop",90
68,Karma,Pharoah Sanders,May 1969,Spiritual Jazz,90
69,To Be Kind,Swans,"May 13, 2014","Post-Rock, Experimental Rock, Noise Rock",90
70,★ [Blackstar],David Bowie,"January 8, 2016","Art Rock, Experimental Rock, Jazz-Rock",90
71,Highway 61 Revisited,Bob Dylan,"August 30, 1965","Folk Rock, Singer-Songwriter",90
72,The Glowing Man,Swans,"June 17, 2016","Post-Rock, Experimental Rock",90
73,Innervisions,Stevie Wonder,"August 3, 1973",Progressive Soul,90
74,Donuts,J Dilla,"February 7, 2006",Instrumental Hip Hop,90
75,Pink Moon,Nick Drake,"February 25, 1972","Singer-Songwriter, Contemporary Folk",90
76,Either/Or,Elliott Smith,"February 25, 1997","Indie Folk, Singer-Songwriter",90
77,Uneven Compromise,Lil Ugly Mane,"October 28, 2012","Experimental Hip Hop, Memphis Rap",90
78,solace,Earl Sweatshirt,"April 28, 2015","Abstract Hip Hop, Experimental Hip Hop, Drumless",89
79,Revolver,The Beatles,"August 5, 1966","Pop Rock, Psychedelic Pop",89
80,Twin Fantasy (Face to Face),Car Seat Headrest,"February 16, 2018",Indie Rock,89
81,The Forever Story,JID,"August 26, 2022","Southern Hip Hop, Conscious Hip Hop",89
82,Thriller,Michael Jackson,"November 30, 1982","Dance-Pop, Contemporary R&B",89
83,My Beautiful Dark Twisted Fantasy,Kanye West,"November 22, 2010","Pop Rap, Hip Hop",89
84,Sobrevivendo no Inferno,Racionais MC's,"October 7, 1997","Conscious Hip Hop, Boom Bap, Hardcore Hip Hop",89
85,Blonde,Frank Ocean,"August 20, 2016","Alternative R&B, Art Pop, Neo-Soul",89
86,The Seer,Swans,"August 28, 2012","Post-Rock, Experimental Rock",89
87,Heaven or Las Vegas,Cocteau Twins,"September 17, 1990","Dream Pop, Ethereal Wave",89
88,Paranoid,Black Sabbath,"September 18, 1970","Heavy Metal, Hard Rock",89
89,Persona5: Original Soundtrack,目黒将司 [Shoji Meguro],"January 17, 2017","Acid Jazz, Lounge, Jazz Fusion",89
90,Station to Station,David Bowie,"January 23, 1976","Art Rock, Funk Rock",89
91,loveless,my bloody valentine,"November 4, 1991","Shoegaze, Noise Pop",89
92,A Crow Looked at Me,Mount Eerie,"March 24, 2017","Singer-Songwriter, Indie Folk",89
93,Since I Left You,The Avalanches,"November 27, 2000","Sampledelia, Instrumental Hip Hop, Plunderphonics",89
94,Have One on Me,Joanna Newsom,"February 23, 2010","Chamber Folk, Progressive Folk, Singer-Songwriter",89
95,The Legend of Zelda: Ocarina of Time,近藤浩治 [Koji Kondo],"December 18, 1998","Sequencer & Tracker, Cinematic Classical",89
96,Bocanada,Gustavo Cerati,"June 29, 1999","Downtempo, Neo-Psychedelia, Art Pop, Art Rock",89
97,Muerte,Canserbero,"March 22, 2012","Hardcore Hip Hop, Conscious Hip Hop, Boom Bap, Latin Rap",89
98,Late Registration,Kanye West,"August 30, 2005",Pop Rap,89
99,Mount Eerie,The Microphones,"January 21, 2003","Avant-Folk, Psychedelic Folk",89
100,In a Silent Way,Miles Davis,"July 30, 1969","Jazz Fusion, Modal Jazz",89
101,The Sound of Perseverance,Death,"August 31, 1998","Technical Death Metal, Progressive Metal",89
102,Spiderland,Slint,"March 27, 1991","Post-Rock, Post-Hardcore, Math Rock",89
103,Soundtrack from Twin Peaks,Angelo Badalamenti,"August 31, 1990","Dark Jazz, Ambient",89
104,Blonde on Blonde,Bob Dylan,"June 20, 1966","Folk Rock, Singer-Songwriter",89
105,Super Mario 64 Original Soundtrack,近藤浩治 [Koji Kondo],"July 19, 1996",Sequencer & Tracker,89
106,Sometimes I Might Be Introvert,Little Simz,"September 3, 2021","UK Hip Hop, Conscious Hip Hop",89
107,Persona4 Original Soundtrack,目黒将司 [Shoji Meguro],"July 23, 2008",Pop Rock,89
108,Imaginal Disk,Magdalena Bay,"August 23, 2024","Synthpop, Neo-Psychedelia",89
109,Ready to Die,The Notorious B.I.G.,"September 13, 1994","Gangsta Rap, Boom Bap, East Coast Hip Hop",89
110,Carrie & Lowell,Sufjan Stevens,"March 31, 2015","Singer-Songwriter, Indie Folk",89
111,Piñata,Freddie Gibbs & Madlib,"March 18, 2014",Gangsta Rap,89
112,Hollow Knight (Original Soundtrack),Christopher Larkin,"February 10, 2017",Cinematic Classical,89
113,Voodoo,D'Angelo,"January 25, 2000",Neo-Soul,89
114,The Winter Ray,Natural Snow Buildings,2004,"Post-Rock, Ambient, Drone",89
115,A Tábua de Esmeralda,Jorge Ben,"January 1, 1974","Samba, MPB, Samba-rock",89
116,Acabou Chorare,Novos Baianos,1972,"MPB, Samba",89
117,All Things Must Pass,George Harrison,"November 27, 1970","Folk Rock, Pop Rock, Singer-Songwriter",89
118,Liquid Swords,Genius / GZA,"November 7, 1995","Hardcore Hip Hop, Boom Bap, East Coast Hip Hop",89
119,Exmilitary,Death Grips,"April 25, 2011","Industrial Hip Hop, Experimental Hip Hop, Hardcore Hip Hop, Abstract Hip Hop",89
120,Blade Runner,Vangelis,"June 6, 1994","Progressive Electronic, Space Ambient",89
121,Cowboy Bebop,Seatbelts,"May 21, 1998",Jazz,89
122,Flood,Boris,"December 15, 2000","Post-Rock, Drone",89
123,Led Zeppelin IV,Led Zeppelin,"November 8, 1971",Hard Rock,89
124,Endtroducing.....,DJ Shadow,"September 16, 1996","Instrumental Hip Hop, Plunderphonics",89
125,Mezzanine,Massive Attack,"April 20, 1998",Trip Hop,89
126,Ride the Lightning,Metallica,"July 27, 1984",Thrash Metal,89
127,MM..FOOD,MF DOOM,"November 16, 2004","Abstract Hip Hop, East Coast Hip Hop",89
128,Samurai Champloo Music Record: Departure,Nujabes / Fat Jon,"June 23, 2004",Instrumental Hip Hop,89
129,The Elder Scrolls V: Skyrim Original Game Soundtrack,Jeremy Soule,"November 11, 2011","Cinematic Classical, Orchestral, Ambient",89
130,Rage Against the Machine,Rage Against the Machine,"November 3, 1992","Rap Metal, Alternative Metal",89
131,In the Aeroplane Over the Sea,Neutral Milk Hotel,"February 10, 1998","Indie Folk, Indie Rock",89
132,Marquee Moon,Television,"February 8, 1977","Post-Punk, Art Punk, Art Rock",89
133,Blood on the Tracks,Bob Dylan,"January 20, 1975","Singer-Songwriter, Folk Rock",89
134,Midnight Marauders,A Tribe Called Quest,"November 9, 1993","Jazz Rap, Boom Bap, East Coast Hip Hop",89
135,Low,David Bowie,"January 14, 1977","Art Rock, Ambient",89
136,We got it from Here... Thank You 4 Your service,A Tribe Called Quest,"November 11, 2016","Jazz Rap, Conscious Hip Hop, East Coast Hip Hop",89
137,Silent Hill 3 (Original Soundtracks),山岡晃 [Akira Yamaoka],"July 16, 2003","Trip Hop, Spoken Word",89
138,Velocity : Design : Comfort.,Sweet Trip,"June 17, 2003","Glitch Pop, IDM",89
139,NieR:Automata (Original Soundtrack),岡部啓一 [Keiichi Okabe],"March 29, 2017",New Age,89
140,The Velvet Rope,Janet,"October 7, 1997",Contemporary R&B,89
141,The Black Parade,My Chemical Romance,"October 23, 2006","Rock Opera, Alternative Rock, Pop Punk",89
142,アンハッピーリフレイン [Unhappy Refrain],wowaka,"May 18, 2011",J-Rock,89
143,A Charlie Brown Christmas,Vince Guaraldi,"December 1, 1965","Cool Jazz, Christmas",89
144,The Money Store,Death Grips,"April 21, 2012","Industrial Hip Hop, Hardcore Hip Hop, Experimental Hip Hop",89
145,Jane Doe,Converge,"September 4, 2001","Mathcore, Metalcore",89
146,Blackwater Park,Opeth,"March 13, 2001","Progressive Metal, Progressive Death Metal",88
147,Bloodborne (Original Soundtrack),Various Artists,"December 3, 2015","Cinematic Classical, Orchestral, Modern Classical",88
148,El Jardín de los Presentes,Invisible,"September 29, 1976","Progressive Rock, Art Rock",88
149,The Magnolia Electric Co.,Songs: Ohia,"March 4, 2003","Alt-Country, Country Rock",88
150,Sgt. Pepper's Lonely Hearts Club Band,The Beatles,"May 26, 1967","Psychedelic Pop, Pop Rock",88
151,...Like Clockwork,Queens of the Stone Age,"June 4, 2013","Alternative Rock, Stoner Rock",88
152,Titanic Rising,Weyes Blood,"April 5, 2019","Art Pop, Baroque Pop",88
153,Songs for the Deaf,Queens of the Stone Age,"August 27, 2002","Alternative Rock, Stoner Rock, Hard Rock",88
154,Close to the Edge,Yes,"September 13, 1972","Symphonic Prog, Progressive Rock",88
155,Nada Como um Dia Após o Outro Dia,Racionais MC's,"May 24, 2002","Hardcore Hip Hop, Conscious Hip Hop",88
156,Metaphorical Music,Nujabes,"August 21, 2003","Instrumental Hip Hop, Jazz Rap",88
157,The Lonesome Crowded West,Modest Mouse,"November 18, 1997",Indie Rock,88
158,Things Fall Apart,The Roots,"February 23, 1999",East Coast Hip Hop,88
159,Souvlaki,Slowdive,"June 1, 1993","Shoegaze, Dream Pop",88
160,Da Lama Ao Caos,Chico Science & Nação Zumbi,"April 9, 1994","Funk Rock, Maracatu",88
161,A Moon Shaped Pool,Radiohead,"May 8, 2016","Art Pop, Art Rock, Chamber Pop",88
162,The Queen Is Dead,The Smiths,"June 16, 1986","Jangle Pop, Indie Pop",88
163,Violator,Depeche Mode,"March 19, 1990",Synthpop,88
164,Leaves Turn Inside You,Unwound,"April 17, 2001","Indie Rock, Post-Hardcore, Post-Rock",88
165,FLCL Original Sound Track NO. 3,the pillows,"June 7, 2005","Power Pop, J-Rock, Alternative Rock",88
166,0,青葉市子 [Ichiko Aoba],"October 23, 2013","Singer-Songwriter, Contemporary Folk",88
167,Laughing Stock,Talk Talk,"September 16, 1991","Post-Rock, Art Rock",88
168,Sonic R,Richard Jacques,"January 21, 1998","Dance-Pop, Eurodance, Diva House",88
169,The Dance of the Moon and the Sun,Natural Snow Buildings,2006,"Drone, Psychedelic Folk, Avant-Folk",88
170,The Beatles,The Beatles,"November 22, 1968","Rock, Pop Rock",88
171,Hejira,Joni Mitchell,"November 22, 1976","Singer-Songwriter, Folk Rock",88
172,Il était une forêt...,Gris,"December 20, 2007","Depressive Black Metal, Atmospheric Black Metal",88
173,Off the Wall,Michael Jackson,"August 10, 1979",Disco,88
174,Celeste,Lena Raine,"January 25, 2018","Electronic, Digital Fusion, Chiptune",88
175,The Dreaming,Kate Bush,"September 13, 1982","Progressive Pop, Art Pop",88
176,This Is Happening,LCD Soundsystem,"May 18, 2010","Dance-Punk, Indietronica, Alternative Dance",88
177,Sound of Silver,LCD Soundsystem,"March 12, 2007","Dance-Punk, Indietronica, Alternative Dance",88
178,The New Sound,Geordie Greep,"October 4, 2024","Jazz-Rock, Progressive Rock, Art Rock",88
179,London Calling,The Clash,"December 14, 1979","Punk Rock, New Wave",88
180,Artaud,Pescado Rabioso,October 1973,"Singer-Songwriter, Folk Rock, Art Rock, Psychedelic Folk",88
181,Lateralus,TOOL,"May 15, 2001","Progressive Metal, Alternative Metal",88
182,For You,Tatsuro Yamashita,"January 21, 1982",City Pop,88
183,Outer Wilds (Original Soundtrack),Andrew Prahlow,"June 1, 2019","Ambient, Post-Rock, Folktronica",88
184,Alucinação,Belchior,June 1976,"MPB, Singer-Songwriter, Folk Rock",88
185,宇宙 日本 世田谷 (Uchū Nippon Setagaya),Fishmans,"July 24, 1997","Downtempo, Ambient Pop, Dream Pop",88
186,Stankonia,OutKast,"October 31, 2000",Southern Hip Hop,88
187,救済の技法 (Technique of Relief),平沢進 [Susumu Hirasawa],"August 21, 1998","Art Pop, Electronic, Progressive Pop",88
188,From Mars to Sirius,Gojira,"September 27, 2005","Progressive Metal, Progressive Death Metal",88
189,Hot Rats,Frank Zappa,"October 10, 1969","Jazz-Rock, Jazz Fusion",88
190,The Rainbow Goblins,高中正義 [Masayoshi Takanaka],"March 10, 1981","Jazz Fusion, Jazz-Rock",88
191,Is This It,The Strokes,"July 30, 2001","Indie Rock, Garage Rock Revival",88
192,Post,Björk,"June 13, 1995","Art Pop, Electronic",88
193,Moment of Truth,Gang Starr,"March 31, 1998","Boom Bap, East Coast Hip Hop",88
194,Selected Ambient Works 85-92,Aphex Twin,"November 9, 1992","Ambient Techno, IDM",88
195,Neon Genesis Evangelion (Original Series Soundtrack),Shiro Sagisu,"December 6, 1995",Cinematic Classical,88
196,Ray of Light,Madonna,"March 3, 1998","Art Pop, Downtempo, Trip Hop",88
197,Dark Souls III (Original Game Soundtrack),Various Artists,"July 21, 2017","Cinematic Classical, Orchestral, Choral",88
198,Mama's Gun,Erykah Badu,"November 21, 2000",Neo-Soul,88
199,Frances the Mute,The Mars Volta,"March 1, 2005","Progressive Rock, Experimental Rock, Art Rock",88
200,The Texas-Jerusalem Crossroads,Lift to Experience,"June 26, 2001","Post-Rock, Shoegaze, Christian Rock",88
201,ATLiens,OutKast,"August 27, 1996",Southern Hip Hop,88
202,Fôrça Bruta,Jorge Ben,September 1970,"MPB, Samba, Samba-rock",88
203,White Pony,Deftones,"June 20, 2000",Alternative Metal,88
204,Modal Soul,Nujabes,"November 11, 2005","Jazz Rap, Instrumental Hip Hop",88
205,The Velvet Underground & Nico,The Velvet Underground & Nico,"March 12, 1967","Art Rock, Experimental Rock",88
206,The Inner Mounting Flame,The Mahavishnu Orchestra with John McLaughlin,"November 3, 1971","Jazz Fusion, Jazz-Rock, Progressive Rock",88
207,Elliott Smith,Elliott Smith,"July 21, 1995","Singer-Songwriter, Indie Folk",88
208,Songs of Leonard Cohen,Leonard Cohen,"December 27, 1967","Contemporary Folk, Singer-Songwriter",88
209,Plastic Surgery Disasters,Dead Kennedys,"November 1, 1982",Hardcore Punk,88
210,Siamese Dream,Smashing Pumpkins,"July 27, 1993",Alternative Rock,88
211,"""Heroes""",David Bowie,"October 14, 1977",Art Rock,88
212,Disco Elysium,British Sea Power,"December 23, 2019","Ambient, Post-Rock",88
213,Boris at Last -Feedbacker-,Boris,"December 25, 2003","Post-Metal, Drone Metal, Noise Rock",88
214,Bottomless Pit,Death Grips,"May 6, 2016","Experimental Hip Hop, Industrial Hip Hop, Abstract Hip Hop",88
215,Plastic Beach,Gorillaz,"March 3, 2010","Art Pop, Electropop",88
216,Melodrama,Lorde,"June 16, 2017","Synthpop, Alt-Pop",88
217,Are You Experienced,The Jimi Hendrix Experience,"May 12, 1967","Psychedelic Rock, Blues Rock, Acid Rock",88
218,Hot Buttered Soul,Isaac Hayes,June 1969,Progressive Soul,88
219,勝訴ストリップ (Winning Strip),椎名林檎 [Sheena Ringo],"March 31, 2000","J-Rock, Noise Pop, Art Pop",88
220,Diamond Life,Sade,"July 16, 1984","Sophisti-Pop, Smooth Soul",88
221,Norman Fucking Rockwell!,Lana Del Rey,"August 30, 2019","Singer-Songwriter, Art Pop, Soft Rock",88
222,Ágætis byrjun,Sigur Rós,"June 12, 1999","Post-Rock, Ambient Pop",88
223,Princess Mononoke,久石譲 [Joe Hisaishi],"July 2, 1997",Cinematic Classical,88
224,Helplessness Blues,Fleet Foxes,"May 3, 2011","Indie Folk, Chamber Folk",88
225,The Blueprint,JAY-Z,"September 11, 2001","East Coast Hip Hop, Chipmunk Soul",88
226,Ghost Reveries,Opeth,"August 30, 2005","Progressive Metal, Progressive Death Metal",88
227,Sign ☮︎’ the Times,Prince,"March 30, 1987",Contemporary R&B,88
228,Fight Songs: The Music of Team Fortress 2,Valve Studio Orchestra,"April 21, 2017","Big Band, Jazz Fusion",88
229,A Piece of Strange,CunninLynguists,"January 24, 2006","Conscious Hip Hop, Southern Hip Hop",88
230,Only Built 4 Cuban Linx...,Raekwon,"August 1, 1995","East Coast Hip Hop, Boom Bap, Gangsta Rap",88
231,The Powers That B,Death Grips,"March 31, 2015","Experimental Hip Hop, Noise Rock, Glitch Hop, Industrial Hip Hop",88
232,The Idler Wheel...,Fiona Apple,"June 19, 2012","Singer-Songwriter, Art Pop",88
233,Deltron 3030,Deltron 3030,"May 23, 2000","Abstract Hip Hop, West Coast Hip Hop, Experimental Hip Hop",88
234,How to Leave Town,Car Seat Headrest,"October 31, 2014","Slacker Rock, Indietronica",88
235,Shibuboshi (渋星),渋さ知らズ [Shibusashirazu],"January 18, 2004","Jazz Fusion, Avant-Garde Jazz",87
236,Dopethrone,Electric Wizard,"September 25, 2000","Stoner Metal, Doom Metal",87
237,Getz/Gilberto,Stan Getz & João Gilberto,"March 1, 1964","Bossa Nova, Samba-Jazz",87
238,Giles Corey,Giles Corey,"March 1, 2011","Singer-Songwriter, Slowcore, Contemporary Folk",87
239,The Stranger,Billy Joel,"September 29, 1977","Piano Rock, Singer-Songwriter, Pop Rock",87
240,Physical Graffiti,Led Zeppelin,"February 24, 1975",Hard Rock,87
241,Vaudeville Villain,Viktor Vaughn,"September 16, 2003","Abstract Hip Hop, East Coast Hip Hop",87
242,Bloom,Beach House,"May 15, 2012","Dream Pop, Indie Pop",87
243,Funeral,Arcade Fire,"September 14, 2004","Indie Rock, Chamber Pop",87
244,The Velvet Underground,The Velvet Underground,March 1969,Pop Rock,87
245,Turn on the Bright Lights,Interpol,"August 20, 2002","Post-Punk Revival, Indie Rock",87
246,Head Hunters,Herbie Hancock,"October 26, 1973","Jazz-Funk, Jazz Fusion",87
247,Closer,Joy Division,"July 18, 1980","Post-Punk, Gothic Rock",87
248,Unknown Pleasures,Joy Division,"June 14, 1979","Post-Punk, Gothic Rock",87
249,"For Emma, Forever Ago",Bon Iver,"July 8, 2007","Indie Folk, Singer-Songwriter",87
250,Hellfire,black midi,"July 15, 2022","Avant-Prog, Brutal Prog",87
251,Stakes Is High,De La Soul,"June 18, 1996","East Coast Hip Hop, Conscious Hip Hop",87
252,De Todas las Flores,Natalia Lafourcade,"October 28, 2022","Chamber Folk, Singer-Songwriter, Vocal Jazz",87
253,Songs From Suicide Bridge,David Kauffman / Eric Caboor,1984,"Contemporary Folk, Singer-Songwriter",87
254,The G.A.T...,Mach-Hommy,"September 28, 2017","Jazz Rap, Conscious Hip Hop, East Coast Hip Hop",87
255,Teens of Denial,Car Seat Headrest,"May 20, 2016",Indie Rock,87
256,undun,The Roots,"December 6, 2011","East Coast Hip Hop, Conscious Hip Hop",87
257,Geogaddi,Boards of Canada,"February 8, 2002","IDM, Downtempo, Hauntology",87
258,Reasonable Doubt,JAY-Z,"June 25, 1996","Gangsta Rap, Boom Bap, East Coast Hip Hop",87
259,Be,Common,"May 24, 2005",Conscious Hip Hop,87
260,Wild is the Wind,Nina Simone,"September 16, 1966","Vocal Jazz, Soul",87
261,Pastel Blues,Nina Simone,"October 1, 1965","Vocal Jazz, Soul, Rhythm and Blues",87
262,アダンの風 (Windswept Adan),青葉市子 [Ichiko Aoba],"December 2, 2020","Chamber Folk, Singer-Songwriter",87
263,Ænima,TOOL,"September 17, 1996","Alternative Metal, Progressive Metal",87
264,The Doors,The Doors,"January 4, 1967",Psychedelic Rock,87
265,Taxi Driver,Bernard Herrmann,April 1976,Cool Jazz,87
266,Planisphère,Justice,"July 1, 2008","Electro House, French House, French Electro",87
267,Exodus,Bob Marley & The Wailers,"June 3, 1977",Roots Reggae,87
268,Siembra,Willie Colón & Rubén Blades,"September 7, 1978",Salsa,87
269,The Fragile,Nine Inch Nails,"September 21, 1999","Industrial Rock, Art Rock, Alternative Rock",87
270,Stress: The Extinction Agenda,Organized Konfusion,"August 16, 1994","Jazz Rap, East Coast Hip Hop, Boom Bap, Conscious Hip Hop",87
271,The Music of Red Dead Redemption 2,Daniel Lanois,"July 12, 2019",Americana,87
272,Court and Spark,Joni Mitchell,"January 17, 1974","Singer-Songwriter, Folk Pop",87
273,A Mulher do Fim do Mundo,Elza Soares,"October 3, 2015","Art Rock, Vanguarda paulista",87
274,XO,Elliott Smith,"August 25, 1998","Singer-Songwriter, Indie Pop",87
275,Rumours,Fleetwood Mac,"February 4, 1977","Pop Rock, Soft Rock",87
276,6 Feet Deep,Gravediggaz,"August 9, 1994","Horrorcore, East Coast Hip Hop",87
277,The Devil and God Are Raging Inside Me,Brand New,"November 21, 2006","Emo, Post-Hardcore, Indie Rock",87
278,Bringing It All Back Home,Bob Dylan,"March 22, 1965","Folk Rock, Singer-Songwriter, Contemporary Folk",87
279,Jenny Death,Death Grips,"March 19, 2015","Noise Rock, Experimental Hip Hop, Rap Rock, Industrial Hip Hop, Abstract Hip Hop",87
280,KIDS SEE GHOSTS,KIDS SEE GHOSTS,"June 8, 2018","Pop Rap, Experimental Hip Hop",87
281,Music for 18 Musicians,Steve Reich and Musicians,April 1978,Minimalism,87
282,From the Choirgirl Hotel,Tori Amos,"May 5, 1998","Art Pop, Singer-Songwriter",87
283,Tago Mago,Can,August 1971,"Krautrock, Psychedelic Rock, Experimental Rock",87
284,It Takes a Nation of Millions to Hold Us Back,Public Enemy,"April 14, 1988","Hardcore Hip Hop, East Coast Hip Hop, Conscious Hip Hop, Political Hip Hop",87
285,Let's Get It On,Marvin Gaye,"August 28, 1973",Smooth Soul,87
286,Journey in Satchidananda,Alice Coltrane featuring Pharoah Sanders,February 1971,Spiritual Jazz,87
287,A Shape of Light: A Silent Voice The Movie Original Soundtrack,牛尾憲輔 [Kensuke Ushio],"September 14, 2016","Modern Classical, Minimalism",87
288,Black Messiah,D'Angelo and The Vanguard,"December 15, 2014","Neo-Soul, Progressive Soul",87
289,Speaking in Tongues,Talking Heads,"June 1, 1983","New Wave, Synth Funk",87
290,Aja,Steely Dan,"September 23, 1977","Jazz-Rock, Yacht Rock",87
291,Pieces of a Man,Gil Scott-Heron,April 1971,Progressive Soul,87
292,Pet Sounds,The Beach Boys,"May 16, 1966",Baroque Pop,87
293,Human,Death,"October 22, 1991",Technical Death Metal,87
294,Blue Train,John Coltrane,January 1958,Hard Bop,87
295,channel ORANGE,Frank Ocean,"July 10, 2012","Alternative R&B, Contemporary R&B, Neo-Soul",87
296,Milagre dos Peixes,Milton Nascimento,"April 2, 1973","MPB, Avant-Folk",87
297,Mystery of Love,Sufjan Stevens,"April 21, 2018","Singer-Songwriter, Indie Folk, Ambient Pop",87
298,Crack The Skye,Mastodon,"March 24, 2009",Progressive Metal,87
299,Back to Black,Amy Winehouse,"October 27, 2006","Pop Soul, Soul, Rhythm and Blues",87
300,Dirt,Alice in Chains,"September 29, 1992","Grunge, Alternative Metal",87
301,加爾基 精液 栗ノ花 (Kalk Samen Chestnut Flower),椎名林檎 [Sheena Ringo],"February 23, 2003","Art Pop, Progressive Pop, Art Rock",87
302,The Last of Us,Gustavo Santaolalla,"June 13, 2013",Ambient,87
303,Five Leaves Left,Nick Drake,"July 3, 1969","Chamber Folk, Singer-Songwriter",87
304,Twin Peaks: Fire Walk with Me,Angelo Badalamenti,"August 11, 1992",Dark Jazz,87
305,Persona 5 The Royal Original Soundtrack,Atlus Sound Team,"February 22, 2022","Acid Jazz, Jazz Fusion",86
306,The Shape of Punk to Come,Refused,"October 27, 1998",Post-Hardcore,87
307,SCARING THE HOES,JPEGMAFIA & Danny Brown,"March 24, 2023","Experimental Hip Hop, Hardcore Hip Hop, Glitch Hop",87
308,Timely!!,Anri,"December 5, 1983","City Pop, J-Pop",87
309,Rodeo,Travis Scott,"September 4, 2015","Trap, Southern Hip Hop",87
310,Arthur Verocai,Arthur Verocai,1972,"MPB, Psychedelic Pop, Bossa Nova",87
311,Ram,Paul McCartney & Linda McCartney,"May 17, 1971","Pop Rock, Folk Pop",87
312,Javelin,Sufjan Stevens,"October 6, 2023","Indie Folk, Chamber Folk, Singer-Songwriter",87
313,Spirit of Eden,Talk Talk,"September 16, 1988","Art Rock, Post-Rock",87
314,OMORI [Original Soundtrack],OMORI,"December 25, 2020","Sequencer & Tracker, Ambient, Digital Fusion",87
315,Promise,Sade,"November 4, 1985","Smooth Soul, Sophisti-Pop",87
316,"Il buono, il brutto, il cattivo [The Good, the Bad and the Ugly]",Ennio Morricone,"December 23, 1966","Modern Classical, Cinematic Classical",87
317,Maggot Brain,Funkadelic,"July 12, 1971","Funk Rock, Psychedelic Soul",87
318,just A moment,凛として時雨 [Ling tosite sigure],"May 13, 2009","J-Rock, Post-Hardcore, Alternative Rock",87
319,Yankee Hotel Foxtrot,Wilco,"April 23, 2002","Indie Rock, Art Rock",87
320,Let My Children Hear Music,Charles Mingus,February 1972,"Third Stream, Big Band",87
321,千と千尋の神隠し (Sen to Chihiro no kamikakushi),久石譲 [Joe Hisaishi],"July 18, 2001","Modern Classical, Cinematic Classical",87
322,Mos Def & Talib Kweli Are Black Star,Black Star,"September 29, 1998","Boom Bap, Conscious Hip Hop, East Coast Hip Hop",87
323,Mellon Collie and the Infinite Sadness,The Smashing Pumpkins,"October 23, 1995","Alternative Rock, Art Rock",87
324,Nina Simone Sings the Blues,Nina Simone,"March 20, 1967","Blues, Soul",87
325,Perfect From Now On,Built to Spill,"January 28, 1997",Indie Rock,87
326,I Didn't Mean To Haunt You,Quadeca,"November 10, 2022","Folktronica, Art Pop",87
327,Music Has the Right to Children,Boards of Canada,"April 20, 1998","Downtempo, IDM, Hauntology",87
328,3 Feet High and Rising,De La Soul,"March 3, 1989",East Coast Hip Hop,86
329,Risk of Rain 2,Chris Christodoulou,"August 11, 2020","Space Rock, Space Ambient, Electronic",86
330,The Stone Roses,The Stone Roses,"May 2, 1989","Baggy, Neo-Psychedelia, Jangle Pop",86
331,The Mollusk,Ween,"June 24, 1997","Neo-Psychedelia, Art Rock",86
332,Songs of Love and Hate,Leonard Cohen,"March 19, 1971","Singer-Songwriter, Contemporary Folk",86
333,Baduizm,Erykah Badu,"February 11, 1997",Neo-Soul,86
334,Rust in Peace,Megadeth,"September 17, 1990",Thrash Metal,86
335,4eva Is a Mighty Long Time,Big K.R.I.T.,"October 27, 2017",Southern Hip Hop,86
336,"“NO TITLE AS OF 13 FEBRUARY 2024 28,340 DEAD”",Godspeed You! Black Emperor,"October 4, 2024",Post-Rock,86
337,Scenery,福居良 [Ryo Fukui],1976,Hard Bop,86
338,Songs About Leaving,Carissa's Wierd,"August 6, 2002",Slowcore,86
339,Persona 3: Original Soundtrack,目黒将司 [Shoji Meguro],"July 19, 2006",Electronic,86
340,Samurai Champloo Music Record: Impression,Force Of Nature / Nujabes / Fat Jon,"September 22, 2004",Instrumental Hip Hop,86
341,By the Time I Get to Phoenix,Injury Reserve,"September 15, 2021","Experimental Hip Hop, Glitch Hop, Abstract Hip Hop, Experimental",86
342,Random Access Memories,Daft Punk,"May 17, 2013","Electro-Disco, Nu-Disco",86
343,Still Life,Opeth,"October 18, 1999",Progressive Metal,86
344,Axis: Bold as Love,The Jimi Hendrix Experience,"December 1, 1967","Psychedelic Rock, Blues Rock",86
345,Third,Portishead,"April 28, 2008","Experimental Rock, Electronic",86
346,Castelos & Ruínas,BK,"October 19, 2016",Conscious Hip Hop,86
347,The Hissing of Summer Lawns,Joni Mitchell,"November 8, 1975","Singer-Songwriter, Jazz Pop",86
348,Superunknown,Soundgarden,"March 8, 1994","Grunge, Alternative Rock",86
349,Gal Costa,Gal Costa,March 1969,"Psychedelic Pop, Tropicália, MPB",86
350,Three Cheers for Sweet Revenge,My Chemical Romance,"June 8, 2004","Post-Hardcore, Pop Punk, Emo-Pop",86
351,The Minstrel Show,Little Brother,"September 13, 2005","Southern Hip Hop, Conscious Hip Hop",86
352,Giant Steps,John Coltrane,"January 27, 1960",Hard Bop,86
353,Get Up With It,Miles Davis,"November 22, 1974","Jazz Fusion, Avant-Garde Jazz, Jazz-Funk",86
354,Tropicália ou Panis et Circencis,Various Artists,"July 10, 1968",Tropicália,86
355,Curtis,Curtis Mayfield,September 1970,"Chicago Soul, Progressive Soul",86
356,渦になる (Uzu ni naru),きのこ帝国 [Kinoko Teikoku],"May 9, 2012","Indie Rock, Dream Pop, Shoegaze",86
357,System of a Down,System of a Down,"June 30, 1998",Alternative Metal,86
358,Talking Book,Stevie Wonder,"October 28, 1972",Soul,86
359,The ArchAndroid,Janelle Monáe,"May 18, 2010","Art Pop, Contemporary R&B",86
360,Transa,Caetano Veloso,"February 16, 1972","MPB, Art Rock, Tropicália",86
361,You Will Never Know Why,Sweet Trip,"June 30, 2009","Dream Pop, Indie Pop",86
362,Tapestry,Carole King,"February 10, 1971","Soft Rock, Singer-Songwriter",86
363,Punisher,Phoebe Bridgers,"June 18, 2020","Indie Folk, Singer-Songwriter",86
364,MAGDALENE,FKA twigs,"November 8, 2019","Art Pop, Glitch Pop",86
365,Pink,Boris,"November 18, 2005","Noise Rock, Stoner Metal",86
366,Brown Sugar,D'Angelo,"July 3, 1995",Neo-Soul,86
367,呼吸 (Kokyuu),Lily Chou-Chou,"October 17, 2001","Dream Pop, Trip Hop",86
368,Dynamo,Soda Stereo,"October 1, 1992","Shoegaze, Alternative Rock",86
369,"The Angel, The Demon,",Cacola,"October 18, 2019","Synthpop, Progressive Electronic",86
370,Hunky Dory,David Bowie,"December 17, 1971","Glam Rock, Pop Rock, Art Rock",86
371,Demon Days,Gorillaz,"May 11, 2005","Art Pop, Alternative Rock, Trip Hop",86
372,Figure 8,Elliott Smith,"April 18, 2000","Singer-Songwriter, Indie Pop",86
373,Dead as Dreams,Weakling,2000,Atmospheric Black Metal,86
374,Jar of Flies,Alice in Chains,"January 25, 1994","Acoustic Rock, Alternative Rock, Grunge",86
375,I LAY DOWN MY LIFE FOR YOU,JPEGMAFIA,"August 1, 2024","Experimental Hip Hop, Hardcore Hip Hop",86
376,Clics Modernos,Charly García,"November 5, 1983",New Wave,86
377,The Epic,Kamasi Washington,"May 5, 2015",Spiritual Jazz,86
378,You Forgot It In People,Broken Social Scene,"October 15, 2002","Indie Rock, Art Rock",86
379,A Divina Comédia ou Ando Meio Desligado,Os Mutantes,"March 2, 1970","Psychedelic Rock, Tropicália, Experimental Rock",86
380,Plants Vs. Zombies (Original Video Game Soundtrack),Laura Shigihara,"November 22, 2010","Sequencer & Tracker, Chamber Music",86
381,The Social Network,Trent Reznor & Atticus Ross,"October 15, 2010","Electronic, Ambient",86
382,Sunbather,Deafheaven,"June 11, 2013","Blackgaze, Post-Black Metal",86
383,La La Land (Original Motion Picture Soundtrack),Various Artists,"December 9, 2016","Show Tunes, Jazz Pop",86
384,Superfly,Curtis Mayfield,"July 11, 1972","Funk, Chicago Soul, Progressive Soul",86
385,Fear of Music,Talking Heads,"August 3, 1979","Post-Punk, New Wave, Art Punk",86
386,0,Low Roar,"July 8, 2014","Indie Folk, Post-Rock",86
387,Supreme Clientele,Ghostface Killah,"February 8, 2000","Hardcore Hip Hop, East Coast Hip Hop, Abstract Hip Hop",86
388,Apollo: Atmospheres and Soundtracks,Brian Eno with Daniel Lanois & Roger Eno,"June 29, 1983",Space Ambient,86
389,Quebec,Ween,"August 5, 2003","Neo-Psychedelia, Alternative Rock, Art Rock",86
390,Buena Vista Social Club,Buena Vista Social Club,"September 16, 1997","Bolero, Afro-Cuban Jazz",86
391,Cosmogramma,Flying Lotus,"May 4, 2010","IDM, Glitch Hop, Wonky",86
392,The Sensual World,Kate Bush,"October 16, 1989",Art Pop,86
393,The Moon & Antarctica,Modest Mouse,"June 13, 2000",Indie Rock,86
394,Labcabincalifornia,The Pharcyde,"November 14, 1995","West Coast Hip Hop, Boom Bap, Jazz Rap",86
395,Bridge Over Troubled Water,Simon and Garfunkel,"January 26, 1970","Folk Pop, Singer-Songwriter",86
396,Daydream Nation,Sonic Youth,"October 18, 1988","Alternative Rock, Noise Rock",86
397,My Favorite Things,John Coltrane,March 1961,"Post-Bop, Modal Jazz",86
398,The Black Album,JAY-Z,"November 14, 2003",East Coast Hip Hop,86
399,Mr. Morale & The Big Steppers,Kendrick Lamar,"May 13, 2022","Conscious Hip Hop, West Coast Hip Hop",86
400,Your Name,Radwimps,"August 24, 2016","Cinematic Classical, Chamber Music",86
401,Dragon New Warm Mountain I Believe In You,Big Thief,"February 11, 2022","Indie Folk, Folk Rock",86
402,Interstellar: Original Motion Picture Soundtrack,Hans Zimmer,"November 17, 2014","Modern Classical, Ambient, Cinematic Classical, Space Ambient",86
403,Untrue.,Burial,"November 6, 2007","Future Garage, Dubstep",86
404,Rain Dogs,Tom Waits,"September 30, 1985","Experimental Rock, Singer-Songwriter, Dark Cabaret",86
405,TA13OO: Act 3,Denzel Curry,"July 27, 2018","Southern Hip Hop, Trap, Hardcore Hip Hop, Trap Metal",86
406,SINNER GET READY,Lingua Ignota,"August 6, 2021","Neoclassical Darkwave, Avant-Folk",86
407,To Bring You My Love,PJ Harvey,"February 27, 1995","Singer-Songwriter, Alternative Rock",86
408,Selected Ambient Works Volume II,Aphex Twin,"March 7, 1994","Ambient, Electronic",86
409,Repetition,Unwound,"April 9, 1996","Post-Hardcore, Noise Rock",86
410,Magical Mystery Tour,The Beatles,"November 27, 1967","Psychedelic Pop, Pop Rock",86
411,Horses,Patti Smith,"November 10, 1975","Proto-punk, Art Rock, Singer-Songwriter",86
412,California,Mr. Bungle,"July 13, 1999","Experimental Rock, Art Rock",86
413,Blowout Comb,Digable Planets,"October 18, 1994","Jazz Rap, East Coast Hip Hop, Conscious Hip Hop",86
414,'Allelujah! Don't Bend! Ascend!,Godspeed You! Black Emperor,"October 16, 2012",Post-Rock,86
415,무너지기 (Crumbling),공중도둑 [Mid-Air Thief],"July 31, 2018","Neo-Psychedelia, Folktronica, Psychedelic Pop",86
416,The Ascension,Glenn Branca,November 1981,"No Wave, Noise Rock, Totalism, Post-Rock",86
417,Crack Cloud$ Over Arts Kitchen,Black Kray,"February 23, 2013","Cloud Rap, Experimental Hip Hop, Southern Hip Hop",86
418,Rhythm Nation 1814,Janet Jackson,"September 19, 1989","New Jack Swing, Dance-Pop",86
419,あらためまして、はじめまして、ミドリです。[Hello Everyone. Nice to Meet you. We are Midori],ミドリ [Midori],"May 14, 2008",Art Punk,86
420,Black Moses,Isaac Hayes,"November 1, 1971","Smooth Soul, Progressive Soul",86
421,Below the Heavens,Blu & Exile,"August 14, 2007","Jazz Rap, West Coast Hip Hop, Conscious Hip Hop, Boom Bap",86
422,Rust Never Sleeps,Neil Young & Crazy Horse,"July 9, 1979","Country Rock, Singer-Songwriter, Folk Rock",86
423,Bryter Layter,Nick Drake,"March 5, 1971","Singer-Songwriter, Chamber Folk",86
424,THE GHOST~POP TAPE,Devon Hendryx,"October 22, 2013","Alternative R&B, Art Pop, Ambient Pop",86
425,Pornography,The Cure,"May 3, 1982","Gothic Rock, Post-Punk",86
426,Doolittle,Pixies,"April 17, 1989","Indie Rock, Alternative Rock",86
427,DELTARUNE Chapter 2 (Original Game Soundtrack),Toby Fox,"September 17, 2021",Sequencer & Tracker,86
428,Cartola,Cartola,April 1976,Samba,86
429,Future Days,Can,"August 1, 1973",Krautrock,86
430,Vulnicura,Björk,"January 20, 2015",Art Pop,86
431,Flower Boy,"Tyler, The Creator","July 21, 2017","West Coast Hip Hop, Neo-Soul",86
432,1999,Joey Bada$$,"June 12, 2012","Boom Bap, Jazz Rap, East Coast Hip Hop",86
433,Zombie,Fela Kuti & Africa 70,1977,Afrobeat,86
434,Aaliyah,Aaliyah,"July 7, 2001",Contemporary R&B,86
435,Nonagon Infinity,King Gizzard & The Lizard Wizard,"April 29, 2016","Psychedelic Rock, Garage Rock",86
436,"I'm Wide Awake, It's Morning",Bright Eyes,"January 25, 2005","Indie Folk, Singer-Songwriter",86
437,"Crying, Laughing, Loving, Lying",Labi Siffre,October 1972,"Folk Pop, Singer-Songwriter",86
438,Broken,Nine Inch Nails,"September 22, 1992","Industrial Metal, Industrial Rock",86
439,Inspiration is DEAD,凛として時雨 [Ling tosite sigure],"August 22, 2007","J-Rock, Post-Hardcore",86
440,After the Gold Rush,Neil Young,"September 19, 1970","Country Rock, Singer-Songwriter, Folk Rock",86
441,Details,Frou Frou,"June 4, 2002","Art Pop, Indietronica, Downtempo",86
442,Amoroso,João Gilberto,1977,Bossa Nova,86
443,Relationship of Command,At the Drive-In,"September 12, 2000",Post-Hardcore,86
444,Divers,Joanna Newsom,"October 23, 2015","Singer-Songwriter, Chamber Folk",86
445,Master of Reality,Black Sabbath,"July 21, 1971","Heavy Metal, Traditional Doom Metal, Doom Metal",86
446,Floating Into the Night,Julee Cruise,"September 12, 1989","Dream Pop, Sophisti-Pop",86
447,Daughter of Darkness,Natural Snow Buildings,"January 27, 2009","Drone, Free Folk, Ritual Ambient",86
448,Lemonade,Beyoncé,"April 23, 2016","Contemporary R&B, Pop",86
449,Mingus Ah Um,Charles Mingus,"September 14, 1959","Post-Bop, Hard Bop",86
450,Tidal,Fiona Apple,"July 23, 1996","Piano Rock, Singer-Songwriter",86
451,"Lifted or The Story Is in the Soil, Keep Your Ear to the Ground",Bright Eyes,"August 13, 2002",Indie Folk,86
452,Fetch the Bolt Cutters,Fiona Apple,"April 17, 2020","Art Pop, Singer-Songwriter, Progressive Pop",86
453,ワールドイズユアーズ (World Is Yours),MASS OF THE FERMENTING DREGS,"January 21, 2009","Post-Hardcore, J-Rock",86
454,Run the Jewels 2,Run the Jewels,"October 24, 2014",Hardcore Hip Hop,86
455,Faces,Mac Miller,"May 11, 2014","Abstract Hip Hop, Jazz Rap",86
456,Wrong,NoMeansNo,"October 23, 1989",Post-Hardcore,86
457,TA13OO,Denzel Curry,"July 27, 2018","Southern Hip Hop, Trap, Hardcore Hip Hop",86
458,フリクリ (FLCL): OST 1 ~ Addict,the pillows,"October 4, 2000","Alternative Rock, J-Rock, Power Pop",86
459,JazzArt Underground,Ciśnienie,"January 18, 2019","Post-Rock, Experimental Rock",86
460,1999,Prince,"October 27, 1982",Synth Funk,86
461,Through Silver in Blood,Neurosis,"April 23, 1996",Atmospheric Sludge Metal,86
462,( ),Sigur Rós,"October 28, 2002","Post-Rock, Ambient Pop",86
463,Ghosts of the Great Highway,Sun Kil Moon,"November 4, 2003","Folk Rock, Singer-Songwriter",86
464,Townes Van Zandt,Townes Van Zandt,September 1969,"Singer-Songwriter, Contemporary Folk, Country",86
465,Another Green World,Eno,"September 1, 1975",Art Rock,86
466,Born to Run,Bruce Springsteen,"August 25, 1975",Heartland Rock,86
467,The way of all flesh,Gojira,"October 13, 2008","Progressive Metal, Progressive Death Metal",86
468,Teen Dream,Beach House,"January 26, 2010","Dream Pop, Indie Pop",86
469,Powerslave,Iron Maiden,"September 3, 1984",Heavy Metal,86
470,Secos & Molhados,Secos & Molhados,"August 1, 1973","Folk Pop, Art Pop, Progressive Pop",86
471,Legend of the Way of the Sword: BERSERK Original Soundtrack,平沢進 [Susumu Hirasawa],"November 6, 1997",Electronic,85
472,Koyaanisqatsi,Philip Glass,1983,Minimalism,85
473,Ceres & Calypso in the Deep Time,Candy Claws,"June 25, 2013","Shoegaze, Dream Pop, Neo-Psychedelia",85
474,失われた時REGRET,death's dynamic shroud.wmv,"August 1, 2014",Vaporwave,85
475,Virgins,Tim Hecker,"October 14, 2013","Ambient, Electroacoustic",85
476,If You're Feeling Sinister,Belle and Sebastian,"November 18, 1996","Chamber Pop, Twee Pop",85
477,A Tear in the Fabric of Life,Knocked Loose,"October 13, 2021",Metalcore,85
478,M3LL155X,FKA twigs,"August 13, 2015","Art Pop, Glitch Pop, UK Bass",85
479,The Great Annihilator,Swans,"January 23, 1995","Gothic Rock, Post-Punk, Experimental Rock",85
480,Mezmerize,System of a Down,"May 17, 2005",Alternative Metal,85
481,Storm of the Light's Bane,Dissection,"November 17, 1995",Melodic Black Metal,85
482,Live-Evil,Miles Davis,"November 17, 1971","Jazz Fusion, Avant-Garde Jazz",85
483,Fantastic Damage,El-P,"May 14, 2002","Abstract Hip Hop, Experimental Hip Hop, East Coast Hip Hop, Hardcore Hip Hop",85
484,恋人へ (For Lovers),Lamp,"February 11, 2004","Shibuya-kei, Jazz Pop",85
485,SEYCHELLES,高中正義 [Masayoshi Takanaka],"July 1, 1976","Jazz Fusion, City Pop",85
486,When the Kite String Pops,Acid Bath,"August 8, 1994",Sludge Metal,85
487,The Soft Bulletin,The Flaming Lips,"May 17, 1999","Neo-Psychedelia, Psychedelic Pop",85
488,On the Beach,Neil Young,"July 16, 1974","Country Rock, Folk Rock, Singer-Songwriter",85
489,Capital Punishment,Big Pun,"April 28, 1998","Gangsta Rap, East Coast Hip Hop, Boom Bap",85
490,"Crooked Rain, Crooked Rain",Pavement,"February 14, 1994","Slacker Rock, Indie Rock",85
491,Minas,Milton Nascimento,1975,"MPB, Progressive Folk, Singer-Songwriter",85
492,Mystic Stylez,Three-6 Mafia,"May 23, 1995","Memphis Rap, Horrorcore, Southern Hip Hop",85
493,Over the Garden Wall (Original Television Soundtrack),The Blasting Company,"July 8, 2016","Chamber Folk, Ragtime, American Folk Music, Dixieland",85
494,Nervous Young Man,Car Seat Headrest,"August 23, 2013","Slacker Rock, Singer-Songwriter",85
495,Radio Amor,Tim Hecker,"March 25, 2003","Ambient, Drone",85
496,OIL OF EVERY PEARL'S UN-INSIDES,SOPHIE,"June 15, 2018","Bubblegum Bass, Deconstructed Club",85
497,SAPPUKEI,Number Girl,"July 19, 2000","Post-Hardcore, Indie Rock, J-Rock",85
498,La Grasa de Las Capitales,Serú Girán,1979,"Progressive Rock, Jazz-Rock, Art Rock",85
499,Speak for Yourself,Imogen Heap,"July 18, 2005","Indietronica, Art Pop",85
500,Knocknarea,Maruja,"March 17, 2023","Art Rock, Post-Rock, Art Punk",85
